DateRep;Nombre de jours;Chine;Chine cumul;Chine 100;Chine moyenne;Corée;Corée cumul;Corée 100;Corée moyenne;Japon;Japon cumul;Japon 100;Japon moyenne;France;France cumul;France 100;France moyenne;Allemagne;Allemagne cumul;Allemagne 100;Allemagne moyenne;Royaume-Uni;Royaume-Uni cumul;Royaume-Uni 100;Royaume-Uni moyenne;Italie;Italie cumul;Italie 100;Italie moyenne;Espagne;Espagne cumul;Espagne 100;Espagne moyenne;États-Unis;États-Unis cumul;États-Unis 100;États-Unis moyenne;Iran;Iran cumul;Iran 100;Iran moyenne;Brésil;Brésil cumul;Brésil 100;Brésil moyenne;Turquie;Turquie cumul;Turquie 100;Turquie moyenne;Suède;Suède cumul;Suède 100;Suède moyenne;Danemark;Danemark cumul;Danemark 100;Danemark moyenne;Norvège;Norvège cumul;Norvège 100;Norvège moyenne;Finlande;Finlande cumul;Finlande 100;Finlande moyenne;Russie;Russie cumul;Russie 100;Russie moyenne;Australie;Australie cumul;Australie 100;Australie moyenne;Nouvelle-Zélande;Nouvelle-Zélande cumul;Nouvelle-Zélande 100;Nouvelle-Zélande moyenne;Singapour;Singapour cumul;Singapour 100;Singapour moyenne;Inde;Inde cumul;Inde 100;Inde moyenne;Pérou;Pérou cumul;Pérou 100;Pérou moyenne;Mexique;Mexique cumul;Mexique 100;Mexique moyenne;Chili;Chili cumul;Chili 100;Chili moyenne
2019-12-31;1;27;27;80;81;0;0;80;0;0;0;93;6;0;0;100;24;0;0;111;20;0;0;85;10;0;0;79;92;0;0;136;19;0;0;89;6;0;0;95;14;0;0;98;5;;0;98;20;0;0;137;3;0;0;113;3;0;0;86;5;0;0;155;10;0;0;93;15;0;0;80;5;0;0;102;5;0;0;98;1;0;0;93;5;;0;86;4;0;0;93;7;;0;75;2
2020-01-01;2;0;27;216;117;0;0;155;0;0;0;105;8;0;0;130;28;0;0;129;26;0;0;115;14;0;0;132;124;0;0;192;27;0;0;103;6;0;0;139;20;0;0;121;7;;0;191;38;0;0;161;5;0;0;264;3;0;0;113;8;0;0;183;29;0;0;114;17;0;0;100;5;0;0;142;6;0;0;102;1;0;0;125;7;;0;117;6;0;0;118;9;;0;156;3
2020-01-02;3;0;27;235;178;0;0;345;0;0;0;132;9;0;0;178;38;0;0;157;34;0;0;163;21;0;0;229;150;0;0;267;37;0;0;125;4;0;0;245;34;0;0;200;10;;0;359;71;0;0;203;8;0;0;516;4;0;0;147;12;0;0;210;33;0;0;147;24;0;0;112;7;0;0;189;7;0;0;106;2;0;0;137;7;;0;145;6;0;0;164;13;;0;201;3
2020-01-03;4;17;44;386;253;0;0;601;0;0;0;144;10;0;0;212;55;0;0;196;50;0;0;206;26;0;0;322;222;0;0;348;47;0;0;159;5;0;0;388;53;0;0;234;12;;0;670;111;0;0;248;18;0;0;676;5;0;0;169;15;0;0;267;32;0;0;199;30;0;0;126;7;0;0;262;9;0;0;108;2;0;0;165;8;;0;234;9;0;0;203;12;;0;238;5
2020-01-04;5;0;44;526;363;0;0;762;0;0;0;144;11;0;0;285;79;0;0;262;90;0;0;273;34;0;0;400;258;0;0;531;71;0;0;233;8;0;0;593;81;0;0;291;15;;0;947;135;0;0;326;21;0;0;804;15;0;0;192;19;0;0;272;40;0;0;253;35;0;0;156;10;0;0;338;12;0;0;110;2;0;0;191;8;;0;263;11;0;0;251;15;;0;342;6
2020-01-05;6;15;59;623;592;0;0;892;1;0;0;164;12;0;0;423;88;0;0;400;105;0;0;321;40;0;0;650;311;0;0;764;101;0;0;338;7;0;0;978;134;0;0;428;25;;0;1236;174;0;0;462;27;0;0;827;37;0;0;277;21;0;0;319;39;0;0;306;54;0;0;197;10;0;0;416;16;0;0;112;2;0;0;231;9;;0;318;15;0;0;316;21;;0;434;8
2020-01-06;7;0;59;882;781;0;0;1146;1;0;0;186;12;0;0;613;142;0;0;684;110;0;0;373;46;0;0;888;384;0;0;1094;145;0;0;433;10;0;0;1501;206;0;0;621;30;;0;1529;212;0;0;620;33;0;0;875;72;0;0;489;24;0;0;369;40;0;0;438;49;0;0;249;11;0;0;476;19;0;0;117;2;0;0;320;9;;0;363;18;0;0;367;25;;0;537;9
2020-01-07;8;0;59;1323;1016;0;0;1595;2;0;0;210;14;0;0;716;176;0;0;847;140;0;0;456;53;0;0;1128;458;0;0;1527;199;0;0;554;14;0;0;2336;320;0;0;904;37;;0;1872;253;0;0;775;43;0;0;932;94;0;0;621;35;0;0;400;44;0;0;438;54;0;0;298;14;0;0;552;24;0;0;130;3;0;0;439;8;;0;395;30;0;0;405;30;;0;632;20
2020-01-08;9;0;59;1988;1262;0;0;2022;2;0;0;230;15;0;0;1126;225;0;0;902;157;0;0;590;68;0;0;1689;535;0;0;2299;301;0;0;754;25;0;0;2922;398;0;0;1128;54;;0;2433;320;0;0;924;61;0;0;1024;112;0;0;621;62;0;0;450;35;0;0;495;73;0;0;375;19;0;0;647;33;0;0;138;2;0;0;492;12;;0;416;32;0;0;475;38;;0;746;26
2020-01-09;10;0;59;2775;1498;0;0;2931;2;0;0;239;17;0;0;1412;285;0;0;1139;186;0;0;707;78;0;0;2036;679;0;0;3274;430;0;0;1025;39;0;0;3513;467;0;0;1546;78;;0;3629;467;0;0;1032;80;0;0;1115;114;0;0;907;76;0;0;521;38;0;0;658;92;0;0;454;25;0;0;647;43;0;0;150;2;0;0;562;12;;0;558;39;0;0;585;41;;0;922;31
2020-01-10;11;0;59;4528;1773;0;0;3526;2;0;0;254;18;0;0;1784;350;0;0;1296;281;0;0;1140;133;0;0;2502;812;0;0;4427;583;0;0;1312;52;0;0;4747;623;0;0;1891;115;;0;5698;718;0;0;1121;91;0;0;1151;120;0;0;1077;73;0;0;626;44;0;0;840;112;0;0;565;31;0;0;723;52;0;0;160;3;0;0;649;13;;0;580;42;0;0;717;45;;0;1142;44
2020-01-11;12;0;59;5994;2062;0;0;4212;3;0;0;254;15;0;0;2281;435;0;0;1567;340;0;0;1391;160;0;0;3089;1019;0;0;5958;775;0;0;1663;66;0;0;5823;747;0;0;2201;144;;0;7402;922;0;0;1167;109;0;0;1255;117;0;0;1169;109;0;0;700;51;0;0;1036;137;0;0;709;39;0;0;772;59;0;0;166;4;0;0;724;17;;0;635;44;0;0;848;51;;0;1306;56
2020-01-12;13;0;59;7734;2274;0;0;4812;2;0;0;268;16;0;0;2876;540;0;0;2369;421;0;0;1543;175;0;0;3858;1092;0;0;7641;982;0;0;2174;93;0;0;6566;798;0;0;2433;192;;0;9217;1140;0;0;1301;118;0;0;1326;109;0;0;1308;130;0;0;792;61;0;0;1264;157;0;0;874;49;0;0;824;64;0;0;178;4;0;0;873;21;;0;671;43;0;0;993;60;;0;1610;68
2020-01-13;14;0;59;9714;2618;0;0;5328;2;0;0;317;16;0;0;3661;614;0;0;3062;562;0;0;1950;225;0;0;4636;1339;0;0;9785;1242;0;0;2951;129;0;0;7161;809;0;0;2915;237;;0;10827;1328;0;0;1423;125;0;0;1395;86;0;0;1423;140;0;0;880;68;0;0;1534;200;0;0;1098;63;0;0;872;72;0;0;187;3;0;0;979;33;;0;852;59;0;0;1094;73;;0;1909;80
2020-01-14;15;0;59;11809;2902;0;0;5766;1;0;0;349;15;0;0;4499;746;0;0;3795;696;0;0;2630;311;0;0;5883;1608;0;0;11491;1423;0;0;3774;165;0;0;8042;815;0;0;3417;273;;0;13531;1666;0;0;1623;120;0;0;1460;68;0;0;1552;147;0;0;958;73;0;0;1836;263;0;0;1709;79;0;0;911;65;0;0;200;3;0;0;1071;49;;0;950;49;0;0;1215;85;;0;2139;84
2020-01-15;16;0;59;14399;3070;0;0;6284;2;1;1;408;19;0;0;5423;849;0;0;4838;837;0;0;3277;384;0;0;7375;1861;0;0;13994;1671;0;0;4661;204;0;0;9000;868;0;0;3904;286;;0;15679;1892;0;0;1746;120;0;0;1591;64;0;0;1742;133;0;0;1025;80;0;0;2337;303;0;0;1823;97;0;0;943;66;0;0;214;4;0;0;1251;52;;0;1065;53;0;0;1378;97;;0;2449;103
2020-01-16;17;0;59;17211;3259;0;0;6767;2;0;1;455;20;0;0;6633;979;0;0;6012;947;0;0;3983;468;0;0;9172;2182;0;0;17688;2059;0;0;6427;262;0;0;10075;937;0;0;4256;328;;0;18135;2072;0;0;1906;115;0;0;1724;71;0;0;1926;133;0;0;1218;82;0;0;2777;387;0;0;2423;121;0;0;969;62;0;0;226;5;0;0;1397;61;;0;1323;50;0;0;1510;104;;0;2738;129
2020-01-17;18;4;63;20448;3262;0;0;7134;1;0;1;488;25;0;0;7730;1160;0;0;7156;1681;0;0;5018;554;0;0;10149;2372;0;0;21735;2473;0;0;9415;360;0;0;11364;945;0;0;4579;359;;0;20921;2175;0;0;2016;121;0;0;1877;74;0;0;2132;160;0;0;1218;100;0;0;3548;445;0;0;2799;202;0;0;992;58;0;0;243;5;0;0;1965;69;;0;1414;70;0;0;1688;116;;0;3031;138
2020-01-18;19;17;80;24320;3285;0;0;7382;1;0;1;514;31;0;0;9134;1279;0;0;8198;2161;0;0;5683;613;0;0;12462;2687;0;0;26304;2907;0;0;14250;460;0;0;12729;987;0;0;5717;397;;0;23934;2362;0;0;2272;117;0;0;2046;75;0;0;2371;146;0;0;1313;85;0;0;4149;495;0;0;3166;207;0;0;1015;57;0;0;266;5;0;0;2301;76;;0;1595;79;0;0;1890;129;;0;3404;168
2020-01-19;20;136;216;28047;3178;0;0;7513;1;0;1;568;33;0;0;10995;1423;0;0;14138;2524;0;0;6650;730;0;0;15113;3051;0;0;31750;3444;0;0;19624;558;0;0;13938;1053;0;0;6836;387;;0;27069;2550;0;0;2510;125;0;0;2201;81;0;0;2566;151;0;0;1384;88;0;0;4731;551;0;0;3378;281;0;0;1035;51;0;0;313;5;0;0;2902;92;;0;1746;93;0;0;2143;132;;0;3737;196
2020-01-20;21;19;235;31207;2915;1;1;7755;1;0;1;619;37;0;0;12612;1514;0;0;18187;2848;0;0;8077;875;0;0;17660;3322;0;0;36616;3833;0;0;26747;772;0;0;14991;1119;0;0;7910;384;;0;30217;2770;0;0;2806;128;0;0;2395;87;0;0;2916;172;0;0;1446;85;0;0;5389;644;0;0;3809;319;0;0;1049;42;0;0;345;5;0;0;3374;94;;0;2281;109;0;0;2439;139;;0;4161;215
2020-01-21;22;151;386;34625;4545;0;1;7869;1;0;1;675;43;0;0;14459;1889;0;0;21463;3314;0;0;9529;986;0;0;21157;3703;0;0;41262;4253;1;1;35206;1158;0;0;16169;1161;0;0;9056;502;;0;34109;2940;0;0;3046;158;0;0;2577;104;0;0;3156;180;0;0;1518;81;0;0;6343;737;0;0;4093;351;0;0;1064;46;0;0;385;5;0;0;4067;90;;0;2561;119;0;0;2785;149;;0;4471;243
2020-01-22;23;140;526;37232;4688;0;1;7979;0;0;1;737;43;0;0;16018;2082;0;0;24774;3485;0;0;11658;1197;0;0;23980;4194;0;0;48953;4994;0;1;46442;1798;0;0;17361;1194;0;0;10278;629;;0;38226;3221;0;0;3447;173;0;0;2860;113;0;0;3581;213;0;0;1615;80;0;0;7497;842;0;0;4557;358;0;0;1072;38;0;0;432;4;0;0;4421;108;;0;2954;137;0;0;3181;164;;0;4815;259
2020-01-23;24;97;623;40206;4562;0;1;8086;0;0;1;780;47;0;0;19856;2300;0;0;29212;4044;0;0;14543;1509;0;0;27980;4632;0;0;57506;5688;0;1;55231;2493;0;0;18407;1190;0;0;11130;714;;0;42282;3450;0;0;3700;198;0;0;3107;125;0;0;3845;229;0;0;1882;84;0;0;8672;940;0;0;4707;387;0;0;1078;35;0;0;455;3;0;0;5194;119;;0;4342;154;0;0;3441;192;;0;5116;270
2020-01-24;25;259;882;42696;4476;1;2;8162;3;1;2;814;47;0;0;22302;2594;0;0;31554;4021;0;0;17089;1724;0;0;31506;5023;0;0;66460;6389;0;1;69194;3399;0;0;19644;1183;0;0;12056;806;;0;47029;3730;0;0;4028;203;0;0;3386;143;0;0;4102;263;0;0;1927;95;0;0;10131;1110;0;0;4976;341;0;0;1084;30;3;3;509;2;0;0;5734;188;;0;5256;204;0;0;3844;224;;0;5546;300
2020-01-25;26;441;1323;44724;4345;0;2;8236;7;0;2;824;46;3;3;25233;2907;0;0;36508;4342;0;0;19522;1977;0;0;35713;5135;0;0;75641;7048;1;2;85991;4490;0;0;20610;1126;0;0;13717;911;;0;52167;4033;0;0;4435;243;0;0;3757;160;0;0;4226;274;0;0;2176;101;0;0;11917;1265;1;1;5224;391;0;0;1086;25;0;3;558;2;0;0;6412;225;;0;5897;230;0;0;4219;258;;0;5972;304
2020-01-26;27;665;1988;59865;4259;1;3;8320;18;1;3;829;47;0;3;29155;3302;0;0;42288;4441;0;0;22141;2213;0;0;41035;5381;0;0;83885;7448;0;2;104686;5969;0;0;21638;1100;0;0;15927;982;;0;56956;4270;0;0;4947;256;0;0;4077;181;0;0;4447;281;0;0;2308;123;0;0;13584;1483;3;4;5548;326;0;0;1094;22;1;4;568;2;0;0;7447;290;;0;6848;270;0;0;4661;276;;0;6501;322
2020-01-27;28;787;2775;64021;4219;1;4;8413;45;0;3;873;44;0;3;32964;3451;0;0;48582;4646;0;0;25150;2439;0;0;47021;5525;0;0;90309;7670;3;5;124665;6972;0;0;23049;1151;0;0;17857;1068;;0;61049;4405;0;0;5466;287;0;0;4369;198;0;0;4665;265;0;0;2487;132;0;0;15770;1712;0;4;5687;311;0;0;1098;18;0;4;594;1;0;0;8356;342;;0;7519;431;0;0;5014;308;;0;6927;333
2020-01-28;29;1753;4528;66559;2112;0;4;8565;82;1;4;950;37;0;3;37575;3528;1;1;52547;4672;0;0;29474;2849;0;0;53578;5643;0;0;96122;7837;0;5;143025;8540;0;0;24811;1235;0;0;19638;1143;;0;65111;4429;0;0;6078;309;0;0;4681;216;0;0;4935;269;0;0;2605;149;0;0;18328;1944;0;4;5744;294;0;0;1105;16;1;5;732;1;0;0;9152;428;;0;7519;549;0;0;5399;333;;0;7213;338
2020-01-29;30;1466;5994;68566;1646;0;4;8652;105;3;7;1007;36;1;4;40174;4261;3;4;57298;5116;0;0;33718;3151;0;0;59138;5640;0;0;104267;7902;0;5;164620;10249;0;0;27017;1379;0;0;20727;1299;;0;69392;4452;0;0;6443;348;0;0;5071;244;0;0;5208;250;0;0;2769;155;0;0;21102;2260;0;4;5844;310;0;0;1107;13;2;7;803;2;0;0;10363;453;;0;10303;615;0;0;5847;360;;0;7525;340
2020-01-30;31;1740;7734;70618;1401;0;4;8799;123;4;11;1046;39;1;5;44550;4537;0;4;61913;5288;0;0;38168;3375;0;0;63927;5556;0;0;111680;7739;0;5;189618;12152;0;0;29406;1571;0;0;22169;1421;;0;74193;4559;0;0;6830;380;0;0;5402;268;0;0;5510;254;1;1;2905;165;0;0;24490;2544;2;6;5956;268;0;0;1112;10;3;10;844;2;1;1;11438;542;;0;11475;729;0;0;6297;368;;0;7917;359
2020-01-31;32;1980;9714;72508;1207;3;7;8897;157;3;14;1089;39;1;6;52128;4279;1;5;67366;5344;2;2;41903;3545;3;3;69176;5507;0;0;119263;7543;1;6;216721;13988;0;0;32332;1813;0;0;23430;1512;;0;78546;4502;0;0;7206;433;0;0;5635;282;0;0;5640;232;0;1;2974;146;0;0;27938;2870;1;7;6052;236;0;0;1112;8;3;13;844;2;0;1;12380;538;;0;12491;748;0;0;6875;373;;0;8273;367
2020-02-01;33;2095;11809;74258;945;5;12;8961;216;1;15;1128;38;0;6;56989;4482;2;7;73522;5314;0;2;47806;4041;0;3;74386;5402;1;1;126535;7271;1;7;245540;15403;0;0;35408;2114;0;0;25262;1493;;0;82329;4309;1;1;7693;428;0;0;5819;301;0;0;5755;238;0;1;3064;150;2;2;32008;3316;2;9;6152;184;0;0;1114;7;3;16;879;2;0;1;13387;587;;0;13489;708;0;0;7497;381;;0;8807;395
2020-02-02;34;2590;14399;74652;749;3;15;9037;267;4;19;1193;39;0;6;59105;4433;1;8;79696;5595;0;2;51608;4210;0;3;80539;5231;0;1;133198;7045;1;8;277965;16883;0;0;38309;2382;0;0;28320;1577;;0;86306;4193;0;1;8419;447;0;0;5996;316;0;0;5863;220;0;1;3161;127;0;2;36793;3869;2;11;6238;178;0;0;1117;6;2;18;1000;3;1;2;14378;649;;0;14420;1050;0;0;8261;408;;0;9252;395
2020-02-03;35;2812;17211;75543;557;0;15;9137;369;1;20;1268;43;0;6;64338;4329;1;9;85778;5442;0;2;55242;4299;0;3;86498;5170;0;1;138731;6917;3;11;312237;19198;0;0;41495;2635;0;0;30425;1625;;0;90980;4276;0;1;9141;454;0;0;6174;328;0;0;6010;218;0;1;3237;122;0;2;42853;4113;0;11;6289;154;0;0;1121;5;0;18;1049;3;0;2;15712;712;;0;15628;1019;0;0;8772;433;;0;9730;392
2020-02-04;36;3237;20448;76369;564;1;16;9241;418;0;20;1364;52;0;6;68605;4263;2;11;91714;5330;0;2;60733;4466;0;3;92472;4958;0;1;142398;6611;0;11;337635;21075;0;0;44606;2828;0;0;33682;1649;;0;95591;4354;0;1;9685;465;0;0;6318;321;0;0;6160;202;0;1;3369;107;0;2;47121;4523;0;11;6322;133;0;0;1122;5;0;18;1114;3;1;3;17265;726;;0;16325;1034;0;0;9501;468;;0;10088;387
2020-02-05;37;3872;24320;77016;483;2;18;9332;493;5;25;1499;56;0;6;70478;3720;0;11;95391;5123;0;2;65077;4480;0;3;97689;4761;0;1;147607;6191;0;11;368196;22793;0;0;47593;2939;0;0;36599;1770;;0;98674;4183;0;1;10151;496;0;0;6511;295;0;0;6244;192;0;1;3489;109;0;2;52763;4787;1;12;6366;99;0;0;1124;4;6;24;1189;3;0;3;18600;849;;0;17837;1085;0;0;10544;514;;0;10507;400
2020-02-06;38;3727;28047;77234;427;5;23;9478;560;0;25;1693;59;0;6;74390;3580;0;11;99225;4954;0;2;70272;4586;0;3;101739;4594;0;1;153190;5930;1;12;398809;24754;0;0;50468;3009;0;0;38654;1795;;0;101790;3942;0;1;10483;525;0;0;6681;274;0;0;6320;175;0;1;3681;103;0;2;57999;4976;1;13;6416;86;0;0;1126;4;4;28;1309;5;0;3;19984;892;;0;19250;1082;0;0;11633;537;;0;10832;390
2020-02-07;39;3160;31207;77749;416;1;24;9583;597;0;25;1866;70;0;6;78167;3890;1;12;103228;4833;1;3;78991;5298;0;3;105792;4466;0;1;158935;5667;0;12;432132;26796;0;0;50468;2591;0;0;40581;2006;;0;104912;3767;0;1;10948;515;0;0;6879;258;0;0;6415;148;0;1;3783;111;0;2;62773;5231;1;14;6458;83;0;0;1129;3;2;30;1375;5;0;3;21393;949;;0;20914;1158;0;0;12872;586;;0;11296;405
2020-02-08;40;3418;34625;78159;414;0;24;9661;596;0;25;1953;92;5;11;82048;3763;1;13;108202;4554;0;3;84279;5210;0;3;110574;4401;0;1;163472;5277;0;12;466033;27801;0;0;55743;2905;0;0;43079;2267;;0;107773;3635;0;1;11445;530;0;0;7073;234;0;0;6488;116;0;1;3868;116;0;2;68622;5399;0;14;6497;75;0;0;1132;3;3;33;1481;6;0;3;23077;996;;0;21648;1258;0;0;13842;671;;0;11812;393
2020-02-09;41;2607;37232;78598;359;1;25;9786;609;0;25;1953;111;0;11;86334;3598;0;13;113525;4109;1;4;88621;5288;0;3;115242;4256;0;1;168022;4975;0;12;501560;29082;0;0;58226;2845;0;0;45757;2355;;0;110130;3403;0;1;11927;522;0;0;7242;206;0;0;6566;111;0;1;4014;115;0;2;74588;5442;0;14;6533;66;0;0;1134;2;7;40;1623;7;0;3;24506;990;;0;25331;1076;0;0;14677;762;;0;12306;400
2020-02-10;42;2974;40206;78927;317;2;27;9786;548;0;25;2178;118;0;11;90676;3561;0;13;117658;3946;0;4;93873;5519;0;3;119827;4121;1;2;171921;4741;0;12;529951;29884;0;0;60500;2715;0;0;49492;2450;;0;112261;3040;0;1;12540;535;0;0;7384;183;0;0;6677;105;0;1;4129;122;0;2;80949;5718;0;14;6586;58;0;0;1136;2;3;43;1909;8;0;3;26496;1051;;0;27517;1111;0;0;15529;857;;0;12858;411
2020-02-11;43;2490;42696;79355;271;1;28;9976;515;0;25;2617;109;0;11;93790;3384;0;13;120479;3696;4;8;98476;5392;0;3;124632;4055;0;2;174951;4650;1;13;557571;30773;0;0;62589;2569;0;0;52995;2545;;0;114653;2723;0;1;13216;536;0;0;7515;178;0;0;6791;100;0;1;4284;127;0;2;87147;5828;0;14;6612;49;0;0;1137;2;2;45;1909;9;0;3;27892;1159;;0;28699;1203;0;0;16752;906;;0;13331;426
2020-02-12;44;2028;44724;79929;249;0;28;10062;453;0;25;2935;130;0;11;95403;3629;2;15;123016;3479;0;8;103093;5431;0;3;128948;3964;0;2;178067;4351;0;13;582594;31499;0;0;64586;2428;0;0;58509;2491;;0;117589;2702;0;1;13822;501;0;0;7695;179;0;0;6791;95;0;1;4395;131;0;2;93558;5914;0;14;6625;42;0;0;1137;2;2;47;2299;10;0;3;29435;1177;;0;31190;1166;0;0;17799;917;;0;13813;416
2020-02-13;45;15141;59865;80134;202;0;28;10156;386;4;29;3271;179;0;11;98076;3451;0;15;125098;3178;1;9;108692;5489;0;3;132547;3948;0;2;182491;4186;1;14;609516;31942;0;0;66220;2250;0;0;61888;2724;;0;120204;2631;0;1;14385;486;0;0;7912;178;0;0;6984;90;0;1;4475;129;0;2;99399;6246;0;14;6647;42;0;0;1138;3;3;50;2532;10;0;3;31332;1221;;0;33931;1559;0;0;19224;965;;0;14365;432
2020-02-14;46;4156;64021;80261;126;0;28;10237;347;1;30;3654;205;0;11;103573;3216;0;15;127584;2901;0;9;114217;5032;0;3;135586;3916;0;2;186311;3911;1;15;639664;31102;0;0;68192;2532;0;0;66501;2759;;0;122392;2497;0;1;14777;504;0;0;8073;173;0;0;7068;78;0;1;4576;113;0;2;106498;6544;1;15;6654;41;0;0;1139;2;8;58;2918;11;0;3;33050;1288;;0;36976;1698;0;0;20739;1036;;0;14885;429
2020-02-15;47;2538;66559;80380;104;0;28;10284;300;8;38;3817;225;0;11;106206;2654;0;15;130450;2826;0;9;120067;5113;0;3;139422;3853;0;2;190129;3808;0;15;671331;31419;0;0;70029;2041;0;0;71886;3130;;0;124375;2372;0;1;15322;524;0;0;8210;171;0;0;7113;95;0;1;4695;113;0;2;114431;7067;0;15;6667;37;0;0;1141;2;9;67;3252;11;0;3;35043;1384;;0;40459;1768;0;0;22088;1036;;0;16023;436
2020-02-16;48;2007;68566;80497;88;1;29;10331;242;14;52;3906;255;0;11;108847;2576;0;15;133830;2774;0;9;124743;5160;0;3;143626;3843;0;2;193965;3706;0;15;702164;30628;0;0;71686;1923;0;0;78162;3319;;0;126045;2274;0;1;16004;557;0;0;8445;169;0;0;7166;93;0;1;4740;118;0;2;124054;7677;0;15;6687;33;0;0;1142;2;5;72;3699;12;0;3;37336;1447;;0;42534;1908;0;0;23471;1084;;0;17008;447
2020-02-17;49;2052;70618;80667;75;1;30;10384;188;7;59;4257;266;1;12;109252;2458;0;15;137439;2665;0;9;129044;5024;0;3;147577;3676;0;2;193252;3047;0;15;735086;30101;0;0;73303;1829;0;0;85380;3703;;0;127659;2200;0;1;16755;547;0;0;8575;176;0;0;7250;89;0;1;4906;104;0;2;134687;8303;0;15;6703;28;0;0;1144;2;3;75;4427;14;0;3;39980;1541;;0;45928;2097;0;0;24905;1124;;0;18435;463
2020-02-18;50;1890;72508;80768;62;1;31;10423;147;0;59;4667;279;0;12;111821;2369;0;15;139897;2623;0;9;133495;5003;0;3;152271;3616;0;2;195470;2931;0;15;759687;29647;0;0;74877;1755;0;0;91589;4115;;0;129491;2120;0;1;17567;554;0;0;8698;171;0;0;7345;86;0;1;4995;111;0;2;145268;8830;0;15;6713;24;0;0;1147;2;2;77;5050;19;0;3;42533;1518;;0;47372;2295;0;0;26025;1178;;0;19663;472
2020-02-19;51;1750;74258;80814;41;15;46;10450;122;7;66;5347;297;0;12;112606;1964;0;15;141672;2587;0;9;138078;4998;0;3;156363;3551;0;2;198421;2908;0;15;787752;29328;0;0;76389;1686;0;0;96559;4629;;0;131744;2022;0;1;18177;582;0;0;8851;162;0;0;7408;82;0;1;5051;102;0;2;155370;9504;0;15;6725;22;0;0;1147;1;4;81;5992;23;0;3;46433;1548;;0;51189;2687;0;0;27634;1256;;0;20643;505
2020-02-20;52;394;74652;80859;29;34;80;10450;115;18;84;6748;293;0;12;114657;1849;0;15;143457;2514;0;9;143464;4967;0;3;159516;3379;0;2;200733;2606;0;15;825041;28658;2;2;77995;1682;0;0;101147;5127;;0;133721;1931;0;1;18640;602;0;0;9008;172;0;0;7467;79;0;1;5179;94;0;2;165929;10095;0;15;6738;17;0;0;1147;1;3;84;6588;26;0;3;49391;1621;;0;54817;2458;0;0;29616;1339;;0;22016;513
2020-02-21;53;891;75543;80879;26;75;155;10512;94;9;93;7255;345;0;12;117324;1708;0;15;145694;2365;0;9;148377;4880;0;3;162488;3230;0;2;203649;2477;1;16;842629;29305;3;5;79494;1615;0;0;107780;5513;;0;135569;1882;0;1;18926;622;0;0;9158;170;0;0;7505;88;0;1;5254;101;0;2;177160;10490;2;17;6746;14;0;0;1147;1;1;85;8014;31;0;3;52952;1665;;0;58526;2630;0;0;31522;1325;;0;23048;602
2020-02-22;54;826;76369;80908;23;190;345;10537;99;12;105;7645;497;0;12;119151;1904;0;15;148046;2143;0;9;152840;4682;14;17;165155;3102;0;2;205763;2233;19;35;869172;28874;13;18;80868;1548;0;0;114715;5436;;0;137115;1820;0;1;19621;622;0;0;9311;169;0;0;7533;69;0;1;5327;97;0;2;187859;10660;4;21;6762;14;0;0;1148;1;1;86;9125;33;0;3;56342;1709;;0;61847;2668;0;0;33460;1405;;0;24581;672
2020-02-23;55;647;77016;80932;26;256;601;10564;96;27;132;8100;514;0;12;120804;1756;0;15;150383;2040;0;9;157149;4629;62;79;168941;3067;0;2;208269;2043;0;35;890524;29308;10;28;82211;1504;0;0;125218;5608;;0;138657;1802;0;1;20302;608;0;0;9407;165;0;0;7605;62;0;1;5412;90;0;2;198676;10714;1;22;6767;13;0;0;1148;1;3;89;10141;38;0;3;59662;1833;;0;65015;2857;0;0;35022;1485;;0;25972;797
2020-02-24;56;218;77234;80954;25;161;762;10591;102;12;144;8582;547;0;12;122577;1710;0;15;152438;1932;4;13;161145;4586;53;132;172434;3167;0;2;209910;2380;0;35;939053;30789;15;43;83505;1457;0;0;135106;5897;;0;139771;1730;0;1;21092;593;0;0;9523;157;0;0;7667;60;0;1;5573;96;0;2;209688;10868;0;22;6783;13;0;0;1149;1;0;89;11178;42;0;3;62939;1926;;0;67307;2984;0;0;36327;1540;;0;27219;905
2020-02-25;57;515;77749;80973;28;130;892;10613;105;0;144;9167;599;0;12;124114;1588;0;15;154175;1840;0;13;165221;4532;97;229;175925;3005;1;3;211570;2300;18;53;965910;28995;18;61;84802;1418;0;0;145328;6118;;0;141475;1712;0;1;21520;614;0;0;9670;155;0;0;7710;63;0;1;5673;95;0;2;221344;10982;0;22;6801;14;0;0;1149;1;1;90;12075;36;0;3;67152;2092;;0;68822;3079;0;0;38324;1625;;0;28866;976
2020-02-26;58;410;78159;80995;39;254;1146;10635;104;20;164;9795;618;2;14;124575;1359;2;17;155193;1707;0;13;171253;4739;93;322;178972;2937;6;9;213095;2096;0;53;988451;28263;34;95;85996;1372;1;1;155939;6722;;0;143114;1624;0;1;22082;614;0;0;9821;157;0;0;7759;60;0;1;5738;97;0;2;232243;10906;0;22;6825;11;0;0;1153;1;1;91;12693;36;0;3;70756;2428;;0;72059;3055;0;0;40186;1650;;0;30063;1093
2020-02-27;59;439;78598;81020;44;449;1595;10653;102;22;186;10361;643;3;17;125770;1327;4;21;156337;1582;0;13;177454;4856;78;400;181228;2775;8;17;213942;1887;6;59;1012583;26909;44;139;87026;1290;0;1;162699;7104;;0;144749;1575;1;2;22317;620;1;1;9983;137;1;1;7759;52;1;2;5880;98;0;2;242271;10726;1;23;6849;11;0;0;1153;1;2;93;13624;50;0;3;74281;2580;;0;76306;3212;0;0;42595;1632;;0;31721;1166
2020-02-28;60;329;78927;81063;50;427;2022;10661;103;24;210;10751;635;21;38;126835;1254;26;47;157641;1248;3;16;182260;4840;250;650;183957;2672;18;35;215183;1648;1;60;1039909;29138;106;245;88194;1243;0;1;168331;7677;;0;146457;1555;5;7;22721;565;0;1;10083;135;3;4;7809;50;0;2;5962;100;0;2;252245;10712;0;23;6875;13;1;1;1153;1;3;96;14423;53;0;3;78003;2843;;0;80604;3054;0;0;45032;1757;;0;34381;1223
2020-02-29;61;428;79355;81086;66;909;2931;10674;97;20;230;11118;516;19;57;128442;1087;10;57;159119;1324;2;18;186599;4823;238;888;187327;2598;19;54;216570;1544;6;66;1069826;29460;143;388;89328;1209;0;1;177589;8483;;0;148067;1565;5;12;23216;558;1;2;10218;139;2;6;7847;42;1;3;5984;101;0;2;262843;10481;2;25;6896;14;0;1;1154;1;2;98;14951;56;0;3;81970;3043;;0;84495;3064;2;2;47144;1793;;0;37040;1281
2020-03-01;62;574;79929;81130;70;595;3526;10683;97;9;239;11496;499;43;100;129581;981;54;111;159119;1189;5;23;190584;4776;240;1128;189973;2507;28;82;217804;1362;3;69;1103781;28671;205;593;90481;1181;1;2;188974;8793;;0;149435;1540;1;13;23918;525;1;3;10319;139;9;15;7903;43;0;3;6003;94;0;2;272043;10295;1;26;6914;16;0;1;1154;0,3;4;102;15641;48;0;3;85940;3189;;0;88541;2981;2;4;49219;1854;;0;39542;1255
2020-03-02;63;205;80134;81229;78;686;4212;10694;97;15;254;11772;496;30;130;130185;959;18;129;161703;1140;13;36;194990;4835;561;1689;192994;2323;54;136;218739;1261;20;89;1133069;26792;385;978;91472;1138;0;2;202918;8650;;0;150593;1546;1;14;24623;542;1;4;10429;139;4;19;7953;45;3;6;6054;84;0;2;281752;9905;3;29;6929;18;0;1;1154;1;4;106;16169;46;0;3;90927;3280;;0;92273;3070;1;5;51633;1930;;0;41428;1315
2020-03-03;64;127;80261;81281;86;600;4812;10702;98;0;254;12240;485;48;178;130979;870;28;157;162496;1075;4;40;201201;5140;347;2036;195351;2213;56;192;219205;1091;14;103;1158041;28183;523;1501;92584;1112;0;2;218223;8982;;0;151615;1449;1;15;25265;514;1;5;10513;132;6;25;7995;43;;6;6145;69;1;3;290678;9671;4;33;6941;19;;1;1154;1;2;108;17101;62;2;5;96169;3517;;0;94933;3154;;5;54346;1955;;0;43781;1346
2020-03-04;65;119;80380;81346;85;516;5328;10708;100;14;268;12892;456;34;212;131287;876;39;196;163175;1037;11;51;206715;5066;466;2502;197675;2062;75;267;220244;1021;22;125;1180634;28665;835;2336;93657;1094;0;2;233142;9108;;0;152587;1353;9;24;25921;517;3;8;10591;130;8;33;8034;41;1;7;6228;67;1;4;299941;9491;8;41;6948;21;1;2;1154;1;2;110;17548;65;1;6;101139;3475;;0;99483;3235;;5;56594;2028;1;1;46059;1386
2020-03-05;66;117;80497;81484;95;438;5766;10718;107;49;317;13182;439;73;285;131863;1244;66;262;163860;996;34;85;211364;4844;587;3089;199414;1997;81;348;221124;1026;34;159;1204475;30465;586;2922;94640;1088;1;3;241080;9687;;0;153548;1257;11;35;26322;504;2;10;10667;130;23;56;8069;41;;7;6286;70;0;4;308705;9330;11;52;6964;21;1;3;1154;1;2;112;18205;55;22;28;106750;3556;;0;104020;3361;;5;59567;2187;2;3;49579;1619
2020-03-06;67;170;80667;81553;102;518;6284;10728;93;32;349;13385;442;138;423;132967;1171;138;400;164897;1169;30;115;215260;4714;769;3858;201505;1863;183;531;222045;980;74;233;1228603;27717;591;3513;95646;1065;5;8;254220;10414;;0;154500;1149;26;61;26670;535;10;20;10713;129;30;86;8099;39;5;12;6347;58;0;4;317554;9086;7;59;6975;20;1;4;1154;1;5;117;18778;55;1;29;112359;3579;;0;108769;3567;;5;62527;2289;1;4;53617;1780
2020-03-07;68;101;80768;81631;96;483;6767;10738;105;59;408;13576;403;190;613;137150;1177;284;684;166091;978;48;163;219183;4655;778;4636;203591;1789;233;764;223218;950;105;338;1256972;27447;1234;4747;96448;1017;5;13;271628;11029;;0;155686;1088;76;137;27272;548;3;23;10791;120;27;113;8106;44;7;19;6380;55;6;10;326448;9120;4;63;6989;18;1;5;1154;1;13;130;19410;66;2;31;118447;3661;1;1;111698;3730;;5;65856;2344;1;5;57581;1939
2020-03-08;69;46;80814;81733;98;367;7134;10752;104;47;455;13852;376;103;716;137779;1125;163;847;167300;960;43;206;223060;4639;1247;5883;205463;1644;330;1094;223961;880;95;433;1283929;27455;1076;5823;97424;992;0;13;291579;11197;;0;156827;1056;24;161;27909;572;8;31;10858;110;34;147;8135;41;;19;6399;57;0;10;335882;8961;11;74;7019;16;;5;1154;0,7;8;138;20198;76;3;34;125101;3754;;1;115754;3918;;5;68620;2425;;5;61857;2030
2020-03-09;70;45;80859;81827;95;248;7382;10761;97;33;488;14088;351;410;1126;138421;1111;55;902;168551;914;67;273;226463;4496;1492;7375;207428;1552;433;1527;227377;1234;121;554;1309541;27413;743;6566;98647;1025;12;25;310087;12270;;0;157814;1032;42;203;28582;564;7;38;10927;98;22;169;8158;37;11;30;6443;57;0;10;344481;8964;6;80;7036;14;;5;1154;0,1;12;150;20939;86;;34;131868;3998;6;7;119959;3959;2;7;71105;2499;5;10;65393;2131
2020-03-10;71;20;80879;81946;95;131;7513;10765;93;26;514;14281;337;286;1412;138854;1094;237;1139;169218;950;48;321;229705;4072;1797;9172;209328;1485;772;2299;227770;1224;200;754;1329799;26956;595;7161;99970;1055;0;25;330890;13434;;0;158762;1021;45;248;29207;579;75;113;10968;90;23;192;8175;33;10;40;6493;56;0;10;353427;8914;20;100;7045;13;;5;1154;0,1;10;160;21707;89;10;44;138845;4145;2;9;123979;4024;;7;74560;2673;3;13;69102;2285
2020-03-11;72;29;80908;82059;91;242;7755;10774;89;54;568;14544;331;372;1784;139063;1037;157;1296;169575;916;52;373;233151;3777;977;10149;210717;1394;975;3274;228252;1144;271;1025;1347916;26735;881;8042;101650;1142;9;34;347398;14658;;0;159797;1030;78;326;29677;570;151;264;11044;82;85;277;8197;29;;40;6537;50;0;10;362342;8854;12;112;7060;15;;5;1154;0,1;6;166;22460;123;6;50;145380;4340;2;11;129751;3886;;7;78023;2772;4;17;73997;2551
2020-03-12;73;24;80932;82157;83;114;7869;10780;78;51;619;14839;292;497;2281;139519;512;271;1567;170508;878;83;456;236711;3621;2313;12462;211938;1277;1153;4427;228691;1081;287;1312;1369964;25735;958;9000;103135;1214;18;52;363211;15310;1;1;160979;1062;136;462;30143;566;252;516;11117;77;212;489;8197;26;19;59;6568;44;15;25;370680;8785;14;126;7068;15;;5;1154;0,1;12;178;23336;114;23;73;151767;4638;6;17;135905;3888;4;11;81400;2782;6;23;77961;2748
2020-03-13;74;22;80954;82241;74;110;7979;10793;85;56;675;15057;236;595;2876;140227;511;802;2369;171306;836;134;590;240161;3557;2651;15113;213013;1193;1531;5958;229540;1071;351;1663;1390746;25210;1075;10075;104691;1292;25;77;374898;16095;1;2;162120;1089;158;620;30377;563;160;676;11182;71;132;621;8197;23;96;155;6579;40;5;30;379051;8739;30;156;7079;15;;5;1154;0,1;9;187;23787;159;2;75;158333;4908;5;22;141779;3955;5;16;84627;2888;10;33;82289;2934
2020-03-14;75;19;80973;82295;69;107;8086;10801;64;62;737;15231;237;785;3661;140734;500;693;3062;172239;746;117;707;243695;3502;2547;17660;214457;1125;1683;7641;230183;995;511;2174;1417889;24537;1289;11364;106220;1396;21;98;391222;16322;;2;163103;1060;155;775;30799;537;128;804;11230;65;0;621;8249;18;28;183;6599;33;15;45;387623;8670;41;197;7081;16;1;6;1154;0,1;13;200;24671;175;8;83;165799;5211;16;38;148285;4149;10;26;87512;3061;10;43;86943;3188
2020-03-15;76;22;80995;82395;65;76;8162;10804;55;43;780;15354;239;838;4499;141356;491;733;3795;173152;734;433;1140;246406;3335;3497;21157;215858;1172;2144;9785;230698;962;777;2951;1443397;23897;1365;12729;107603;1454;23;121;411821;17447;;2;163942;1016;149;924;31523;546;23;827;11289;65;286;907;8257;14;27;210;6628;31;14;59;396575;8766;52;249;7095;15;2;8;1154;0,1;14;214;25346;220;7;90;173763;5594;5;43;155671;4324;15;41;90664;3119;18;61;90638;3424
2020-03-16;77;25;81020;82465;70;74;8236;10806;42;34;814;15463;236;924;5423;141919;478;1043;4838;173772;732;251;1391;248818;3194;2823;23980;217185;1092;1706;11491;231350;568;823;3774;1467884;23641;1209;13938;109286;1520;79;200;438238;17240;16;18;164769;994;108;1032;32172;530;48;875;11360;64;170;1077;8268;20;57;267;6692;33;4;63;405843;8779;49;298;7106;15;;8;1154;0,1;12;226;26098;253;3;93;182143;5849;28;71;164476;4555;12;53;93435;3157;14;75;94858;3617
2020-03-17;78;43;81063;82527;68;84;8320;10810;39;10;824;15547;215;1210;6633;142291;483;1174;6012;174355;672;152;1543;248293;2655;4000;27980;218268;1034;2503;13994;231606;548;887;4661;1486757;23163;1053;14991;110767;1542;34;234;465166;17085;29;47;165555;970;89;1121;32809;504;57;932;11387;67;92;1169;8268;17;5;272;6743;36;30;93;414878;8771;77;375;7109;13;;8;1154;0,1;17;243;26891;297;32;125;190535;6097;15;86;170039;4716;29;82;97326;3094;81;156;99688;3991
2020-03-18;79;23;81086;82575;66;93;8413;10822;36;5;829;15628;196;1097;7730;142411;457;1144;7156;174697;672;407;1950;250908;2537;3526;31506;219070;957;3694;17688;232037;541;1766;6427;1508598;22988;1178;16169;112725;1582;57;291;498440;17177;51;98;166422;946;46;1167;33188;516;92;1024;11428;63;139;1308;8309;16;47;319;6776;36;21;114;423741;8800;79;454;7118;11;12;20;1154;0,1;23;266;27356;360;12;137;198706;6320;31;117;170039;5227;11;93;101238;3149;45;201;105159;4055
2020-03-19;80;44;81130;82642;68;152;8565;10840;33;44;873;15747;181;1404;9134;142903;444;1042;8198;175210;645;680;2630;254195;2498;4207;35713;219814;927;4047;21735;232555;552;2988;9415;1528568;22781;1192;17361;114533;1628;137;428;514849;18307;93;191;167410;919;134;1301;33459;513;91;1115;11480;62;115;1423;8309;13;50;369;6826;34;33;147;432277;8865;111;565;7133;10;8;28;1154;0,1;47;313;28038;449;28;165;207615;6431;28;145;178914;5702;25;118;105680;3190;37;238;108686;4096
2020-03-20;81;99;81229;82698;75;87;8652;10874;30;77;950;15798;155;1861;10995;143427;401;5940;14138;176007;580;647;3277;257154;2428;5322;41035;221216;909;4569;26304;233037;500;4835;14250;1551853;22620;1046;18407;116635;1706;193;621;526447;19182;168;359;168340;889;122;1423;33843;515;36;1151;11512;62;129;1552;8309;16;31;400;6859;37;52;199;441108;8887;144;709;7139;9;11;39;1154;0,1;32;345;28343;528;26;191;216919;6568;89;234;183198;6360;46;164;110026;3252;104;342;113628;4195
2020-03-21;82;52;81281;82784;81;147;8799;10909;27;57;1007;15874;130;1617;12612;143845;378;4049;18187;176752;583;706;3983;259559;2266;5986;47021;222104;867;5446;31750;234824;663;5374;19624;1577287;22423;1237;19644;118392;1739;283;904;555383;21577;311;670;169218;874;200;1623;34440;502;104;1255;11593;60;190;1742;8352;16;50;450;6885;40;54;253;449834;8873;165;874;7150;8;14;53;1154;0,1;40;385;28794;579;40;231;226770;6765;29;263;187400;6580;39;203;113619;3316;92;434;118292;4112
2020-03-22;83;65;81346;82870;86;98;8897;10936;26;39;1046;16024;106;1847;14459;144163;359;3276;21463;177212;561;1035;5018;261184;2111;6557;53578;223096;783;4866;36616;235290;656;7123;26747;1601434;22955;966;20610;120198;1799;224;1128;584016;21663;277;947;170132;884;123;1746;35088;474;71;1326;11633;55;184;1926;8364;16;71;521;6887;41;53;306;458689;8833;224;1098;7173;9;13;66;1154;0,1;47;432;29364;728;89;320;236657;6952;55;318;191758;5755;48;251;117103;3469;103;537;122499;4209
2020-03-23;84;138;81484;82925;81;64;8961;10962;29;43;1089;16079;92;1559;16018;144566;359;3311;24774;177850;553;665;5683;265227;2344;5560;59138;223885;751;4646;41262;235772;632;8459;35206;1622670;22658;1028;21638;122492;1887;418;1546;614932;21650;289;1236;171121;907;160;1906;35727;495;69;1395;11669;52;206;2132;8383;15;105;626;6911;37;132;438;467673;8826;611;1709;7185;9;36;102;1154;0,1;23;455;29812;839;119;439;246628;7182;45;363;196515;6144;65;316;120102;3628;95;632;127745;4369
2020-03-24;85;69;81553;83004;76;76;9037;10991;21;39;1128;16193;96;3838;19856;144806;339;4438;29212;178281;542;967;6650;267240;2707;4789;63927;224760;701;7691;48953;235400;542;11236;46442;1643238;23015;1411;23049;124603;1977;345;1891;645762;23452;293;1529;172114;937;110;2016;36476;520;65;1460;11699;47;239;2371;8401;15;74;700;6911;31;0;438;476658;8787;114;1823;7195;10;40;142;1154;0,1;54;509;30426;920;53;492;256611;7384;32;395;199696;5917;51;367;124301;3730;114;746;134150;4452
2020-03-25;86;78;81631;83097;118;100;9137;11018;20;65;1193;16237;88;2446;22302;144921;304;2342;31554;178570;480;1427;8077;269127;2603;5249;69176;225435;682;8553;57506;236259;603;8789;55231;1662302;22771;1762;24811;126949;2032;310;2201;672837;24599;343;1872;173036;945;256;2272;37113;509;131;1591;11734;52;195;2566;8411;16;92;792;6941;24;57;495;485253;8769;600;2423;7204;11;47;189;1156;0,1;49;558;31068;964;70;562;266598;7618;21;416;203736;5588;38;405;129184;3777;176;922;138846;4389
2020-03-26;87;102;81733;83209;112;104;9241;11037;17;75;1268;16285;92;2931;25233;145279;272;4954;36508;179002;424;1452;9529;271222;2432;5210;74386;225886;652;8954;66460;236769;602;13963;69194;1681212;22577;2206;27017;129341;2115;232;2433;691758;25242;561;2433;174023;945;238;2510;37542;508;133;1724;11771;49;350;2916;8411;19;88;880;6964;24;163;658;493657;8761;376;2799;7221;11;73;262;1156;0,1;10;568;31616;1004;87;649;276583;7978;142;558;208823;5155;70;475;133974;3810;220;1142;142759;4477
2020-03-27;88;94;81827;83303;101;91;9332;11050;15;96;1364;16305;87;3922;29155;145555;701;5780;42288;179364;464;2129;11658;272826;2239;6153;80539;226699;632;9181;75641;237906;696;16797;85991;1699933;22112;2389;29406;131652;2145;482;2915;707412;25799;1196;3629;175218;983;296;2806;37814;524;153;1877;11811;44;240;3156;8411;15;78;958;6981;20;182;840;502436;8798;367;3166;7229;12;76;338;1157;0,1;26;594;31960;957;75;724;286579;8369;22;580;214788;4577;110;585;139196;3854;164;1306;148496;4478
2020-03-28;89;119;81946;83352;87;146;9478;11065;13;135;1499;16365;77;3809;32964;145746;729;6294;48582;179717;478;2885;14543;274762;2172;5959;86498;227364;610;8244;83885;238564;534;18695;104686;1721750;22354;2926;32332;133521;2161;502;3417;739503;24914;2069;5698;176677;1066;240;3046;38589;561;169;2046;11875;45;425;3581;8411;15;67;1025;7001;17;196;1036;511423;8777;212;3378;7240;12;78;416;1157;0,1;138;732;32343;1005;149;873;297535;8710;55;635;220749;4237;132;717;142690;3992;304;1610;154092;4552
2020-03-29;90;113;82059;83402;78;105;9583;11078;10;194;1693;16385;72;4611;37575;149071;956;3965;52547;180458;457;2546;17089;276332;2164;5974;92472;228006;551;6424;90309;239228;563;19979;124665;1747087;21958;3076;35408;135701;2215;487;3904;772416;25273;1704;7402;178239;1158;401;3447;40803;583;155;2201;11924;44;264;3845;8446;15;193;1218;7025;17;228;1264;520129;8756;431;3809;7251;13;60;476;1159;0,1;71;803;32876;916;106;979;308993;8985;36;671;225132;4814;131;848;146837;4042;299;1909;160846;4698
2020-03-30;91;98;82157;83754;73;78;9661;11110;9;173;1866;16424;70;2599;40174;149668;976;4751;57298;181196;464;2433;19522;277985;1823;5217;97689;228658;539;5813;96122;239429;522;18360;143025;1770384;21806;2901;38309;137724;2176;352;4256;802828;25852;1815;9217;179831;1244;253;3700;41883;567;194;2395;11948;42;257;4102;8446;8;0;1218;7040;20;270;1534;528964;8650;284;4093;7255;13;76;552;1161;0,1;41;844;33249;832;92;1071;320922;9212;181;852;229736;4273;145;993;150264;4167;230;2139;167355;4923
2020-03-31;92;84;82241;83785;68;125;9786;11122;10;87;1953;16513;52;4376;44550;151496;973;4615;61913;181482;432;2619;22141;279856;1802;4050;101739;229327;532;8145;104267;239638;605;21595;164620;1790191;21154;3186;41495;139511;2130;323;4579;828810;26303;1610;10827;181298;1312;328;4028;42939;593;182;2577;11962;43;124;4226;8477;12;95;1313;7064;18;302;1836;537210;8601;464;4557;7260;13;95;647;1163;0,1;0;844;33860;786;180;1251;332424;9439;98;950;232992;4513;101;1094;154863;4153;310;2449;174293;4812
2020-04-01;93;54;82295;83803;19;0;9786;11142;9;0;1953;16536;49;7578;52128;151753;824;5453;67366;181815;429;3009;25150;281661;1791;4053;105792;229858;513;7413;111680;239932;525;24998;189618;1811277;20638;3111;44606;141591;2092;1138;5717;850514;26914;2704;13531;182727;1384;407;4435;43887;816;283;2860;12001;40;221;4447;8504;9;71;1384;7073;22;501;2337;545458;8521;150;4707;7265;11;0;647;1165;0,1;35;879;34366;713;146;1397;343091;9699;115;1065;237156;4764;121;1215;159793;4248;289;2738;179436;4868
2020-04-02;94;100;82395;83817;16;190;9976;11165;10;225;2178;16550;46;4861;56989;152091;847;6156;73522;182028;435;4324;29474;283311;1727;4782;110574;230158;477;7583;119263;240326;508;27103;216721;1831821;20808;2987;47593;143849;2073;1119;6836;867624;26842;2148;15679;184031;1430;512;4947;44730;879;247;3107;12016;42;218;4665;8504;11;62;1446;7087;19;440;2777;553301;8379;269;4976;7267;10;76;723;1166;0,1;121;1000;34884;718;568;1965;354065;9853;258;1323;240908;4768;163;1378;165455;4309;293;3031;184449;4981
2020-04-03;95;70;82465;83849;15;86;10062;11190;10;439;2617;16581;43;2116;59105;151325;482;6174;79696;182370;402;4244;33718;284868;1720;4668;115242;230555;452;7272;126535;240660;393;28819;245540;1851520;21102;2875;50468;146668;2145;1074;7910;888271;26150;2456;18135;185245;1432;519;5466;45133;923;279;3386;12035;40;270;4935;8504;13;72;1518;7104;18;771;3548;561091;8234;248;5224;7276;9;49;772;1169;1;49;1049;35292;694;336;2301;366946;9951;91;1414;244388;4746;132;1510;170485;4366;373;3404;220628;5114
2020-04-04;96;62;82527;83864;14;94;10156;11206;9;318;2935;16623;38;5233;64338;151677;484;6082;85778;182764;355;4450;38168;286194;1633;4585;119827;231139;434;6663;133198;240978;345;32425;277965;1872660;20993;0;50468;148950;2204;1146;9056;923189;25382;2786;20921;186493;1402;612;6078;45924;968;371;3757;12099;38;273;5208;8547;13;97;1615;7108;18;601;4149;569063;8118;324;5548;7285;9;52;824;1170;1;65;1114;35836;654;601;2902;380532;10109;181;1595;247925;4757;178;1688;175202;4373;333;3737;225103;5478
2020-04-05;97;48;82575;83876;13;81;10237;11225;9;336;3271;16651;39;4267;68605;152444;305;5936;91714;183271;357;3735;41903;287399;1581;4805;124632;231732;423;5533;138731;241310;297;34272;312237;1897838;21282;5275;55743;151466;2252;1222;10278;955377;25124;3013;23934;187685;1349;365;6443;46814;1027;320;4077;12139;38;302;5510;8563;13;267;1882;7112;15;582;4731;576952;7959;139;5687;7290;7;48;872;1172;1;75;1189;36405;622;472;3374;395048;10334;151;1746;251338;4774;202;1890;180545;4497;424;4161;231393;5659
2020-04-06;98;67;82642;83884;11;47;10284;11265;9;383;3654;16651;37;1873;70478;153055;318;3677;95391;183678;340;5903;47806;289140;1594;4316;128948;232248;385;3667;142398;241550;303;25398;337635;1920061;21516;2483;58226;154445;2389;852;11130;978142;25837;3135;27069;188897;1295;387;6830;48288;1046;292;4369;12193;35;130;5640;8576;19;45;1927;7117;12;658;5389;584680;7867;57;5744;7302;7;39;911;1176;1;120;1309;36922;637;693;4067;410461;10613;535;2281;254936;4584;253;2143;185122;4470;310;4471;236748;5735
2020-04-07;99;56;82698;83899;10;47;10331;11344;9;163;3817;16719;38;3912;74390;153634;300;3834;99225;183979;359;3802;51608;290143;1470;3599;132547;232664;326;5209;147607;241717;297;30561;368196;1942363;21655;2274;60500;157562;2579;926;12056;1032913;26241;3148;30217;190165;1267;376;7206;49684;1048;312;4681;12217;32;115;5755;8594;17;249;2176;7117;11;954;6343;592280;7750;100;5844;7320;6;32;943;;2;66;1375;37183;651;354;4421;425282;10830;280;2561;254936;4229;296;2439;191410;4645;344;4815;242355;5799
2020-04-08;100;86;82784;83909;10;53;10384;11402;9;89;3906;16804;32;3777;78167;153977;467;4003;103228;184193;356;3634;55242;291409;1393;3039;135586;233019;326;5583;153190;241966;291;30613;398809;1961185;21559;2089;62589;160696;2729;1661;13717;1067579;26137;3892;34109;191657;1276;487;7693;50931;859;390;5071;12250;32;108;5863;8606;19;132;2308;7133;8;1154;7497;599705;7654;112;5956;7335;6;26;969;;2;106;1481;37527;681;773;5194;440215;10928;393;2954;260810;3882;346;2785;196847;4815;301;5116;246963;5956
2020-04-09;101;86;82870;83912;9;39;10423;11441;7;351;4257;16851;29;3881;82048;154188;494;4974;108202;184543;379;5491;60733;292950;1377;3836;139422;233197;305;5745;158935;242280;279;33323;432132;1979850;21536;1997;64586;164270;2917;2210;15927;1085038;25045;4117;38226;193115;1298;726;8419;51614;915;331;5402;12294;31;147;6010;8606;17;179;2487;7142;9;1175;8672;606881;7558;96;6052;7347;7;23;992;;2;142;1623;37910;658;540;5734;456183;11069;1388;4342;264689;3744;396;3181;202951;4980;430;5546;250767;10305
2020-04-10;102;55;82925;83938;7;27;10450;11468;6;410;4667;16884;38;4286;86334;154591;445;5323;113525;184861;343;4344;65077;294375;1358;4204;143626;233515;283;4537;163472;242707;292;33901;466033;2000464;21382;1634;66220;167156;2927;1930;17857;1106470;29158;4056;42282;194511;1324;722;9141;52383;964;233;5635;12344;35;150;6160;8606;15;118;2605;7143;8;1459;10131;613994;7390;100;6152;7370;9;23;1015;;2;286;1909;38296;702;678;6412;473105;11481;914;5256;268602;3600;260;3441;208392;5221;426;5972;254416;10144
2020-04-11;103;79;83004;83940;7;0;10450;11503;6;680;5347;16930;43;4342;90676;155136;462;4133;117658;185416;335;5195;70272;295889;1385;3951;147577;233836;297;4550;168022;243209;319;35527;501560;2023347;21739;1972;68192;169425;2925;1781;19638;1145906;31009;4747;47029;195883;1341;544;9685;53323;1006;184;5819;12391;36;84;6244;8631;15;164;2769;7144;6;1786;11917;620794;7242;86;6238;7391;10;20;1035;;2;0;1909;38514;733;1035;7447;490401;11857;641;5897;272364;3135;403;3844;212802;5293;529;6501;259064;10078
2020-04-12;104;93;83097;83944;4;62;10512;11541;7;1401;6748;16986;43;3114;93790;155561;454;2821;120479;185674;327;8719;78991;296857;1351;4694;152271;234013;292;3899;171921;243605;328;28391;529951;2048986;21415;1837;70029;171789;2903;1089;20727;1188631;31059;5138;52167;;;466;10151;54562;983;177;5996;12391;36;76;6320;8631;15;136;2905;7155;5;1667;13584;627646;;51;6289;7409;11;14;1049;;2;390;2299;38965;716;909;8356;508953;12294;951;6848;275989;3379;375;4219;;5357;426;6927;263360;9913
2020-04-13;105;112;83209;83956;4;25;10537;11590;9;507;7255;17018;44;1613;95403;156287;463;2537;123016;186022;324;5288;84279;298136;1285;4092;156363;234531;275;3030;174951;243928;340;27620;557571;2074526;21147;1657;71686;173832;2770;1442;22169;1228114;31171;4789;56956;;;332;10483;56043;1036;178;6174;12391;40;95;6415;8660;12;69;2974;7167;6;2186;15770;;;33;6322;7436;13;15;1064;;;233;2532;39387;752;796;9152;528859;12791;671;7519;;3397;442;4661;;5415;286;7213;267766;9723
2020-04-14;106;94;83303;83959;4;27;10564;11629;12;390;7645;17064;48;2673;98076;156813;455;2082;125098;186269;328;4342;88621;299251;1301;3153;159516;234801;304;3116;178067;244109;342;25023;582594;2094069;21278;1617;73303;175927;2624;1261;23430;1274974;31817;4093;61049;;;465;10948;56043;1057;144;6318;12527;44;73;6488;8692;10;90;3064;7172;7;2558;18328;;;44;6366;7461;15;8;1072;;;386;2918;39850;735;1211;10363;;13265;0;7519;;3459;353;5014;;5371;312;7525;;9647
2020-04-15;107;49;83352;83961;3;27;10591;11668;15;455;8100;17103;52;5497;103573;157220;446;2486;127584;186461;332;5252;93873;300469;1294;2972;162488;234998;253;4424;182491;244328;337;26922;609516;2114026;21527;1574;74877;177938;2463;1832;25262;1313667;33322;4062;65111;;;497;11445;56043;1107;193;6511;12561;42;78;6566;8692;12;97;3161;7191;8;2774;21102;;;50;6416;7474;17;6;1078;;;334;3252;40197;737;1075;11438;;13875;2784;10303;;3491;385;5399;;;392;7917;;9474
2020-04-16;108;50;83402;83964;2;22;10613;11719;19;482;8582;17141;49;2633;106206;157372;434;2866;130450;186839;335;4603;98476;301815;1266;2667;165155;235278;264;3820;186311;244683;343;30148;639664;2137731;21593;1512;76389;180176;2272;3058;28320;;35710;4281;69392;;;482;11927;56043;1108;170;6681;12615;36;111;6677;8708;14;76;3237;7191;8;3388;24490;;;42;6458;7492;19;6;1084;;;447;3699;40604;741;942;12380;;14588;1172;11475;;3522;448;5847;;;356;8273;;4827
2020-04-17;109;352;83754;83966;4;22;10635;11776;22;585;9167;17174;43;2641;108847;157716;440;3380;133830;187184;409;4617;103093;303110;1248;3786;168941;235561;284;3818;190129;245268;366;31667;671331;2163290;22066;1606;77995;182545;2198;2105;30425;;34580;4801;74193;;;613;12540;58932;908;198;6879;12636;28;114;6791;8708;12;132;3369;;7;3448;27938;;;39;6497;7521;20;2;1086;;;728;4427;40818;699;1007;13387;;15166;1016;12491;;;450;6297;;;534;8807;;4852
2020-04-18;110;31;83785;83968;7;18;10653;11814;26;628;9795;17210;41;405;109252;158174;452;3609;137439;187764;445;5599;108692;304331;1206;3493;172434;235763;287;3836;193965;245575;338;30833;702164;2191052;21672;1499;79494;184955;2219;3257;33682;;35155;4353;78546;;;676;13216;60837;730;194;7073;12675;44;0;6791;8745;15;120;3489;;;4070;32008;;;36;6533;7558;20;8;1094;;;623;5050;40969;672;991;14378;;15696;998;13489;;;578;6875;;;445;9252;;4567
2020-04-19;111;18;83803;83970;6;8;10661;11852;28;566;10361;17251;41;2569;111821;158641;469;2458;139897;188534;508;5525;114217;305289;1205;3491;175925;236142;277;-713;193252;245938;333;32922;735086;2220961;21834;1374;80868;187427;2234;2917;36599;;;3783;82329;;;606;13822;62324;633;169;7242;12675;44;193;6984;8751;15;192;3681;;;4785;36793;;;53;6586;7595;21;4;1098;;;942;5992;41216;651;1334;15712;;16272;931;14420;;;622;7497;;;478;9730;;4431
2020-04-20;112;14;83817;83976;7;13;10674;11902;28;390;10751;17292;40;785;112606;159452;451;1775;141672;189135;557;5850;120067;306210;1153;3047;178972;236305;295;2218;195470;246272;335;24601;759687;2255119;22554;1343;82211;189876;2292;2055;38654;;;3977;86306;;;563;14385;63890;936;142;7384;;46;84;7068;8777;16;102;3783;;;6060;42853;;;26;6612;7641;22;7;1105;;;596;6588;41473;589;1553;17265;;16914;1208;15628;;;764;8261;;;358;10088;;
2020-04-21;113;32;83849;83976;8;9;10683;11947;25;367;11118;17332;38;2051;114657;160093;483;1785;143457;189822;575;4676;124743;306862;1087;2256;181228;236651;288;2951;198421;246504;342;28065;787752;2280912;23261;1294;83505;192439;2359;1927;40581;;;4674;90980;;;392;14777;65137;1073;131;7515;;42;45;7113;8793;17;85;3868;;;4268;47121;;;13;6625;;24;2;1107;;;1426;8014;41615;574;1335;18600;;;697;16325;;;511;8772;;;419;10507;;
2020-04-22;114;15;83864;83991;8;11;10694;12003;22;378;11496;17382;39;2667;117324;160377;507;2237;145694;190359;609;4301;129044;307980;1073;2729;183957;236989;244;2312;200733;246752;346;37289;825041;2312302;23958;1297;84802;195051;2445;2498;43079;;;4611;95591;;;545;15322;65137;1109;180;7695;;41;53;7166;8815;17;146;4014;;;5642;52763;;;22;6647;;27;5;1112;;;1111;9125;41833;531;1384;19984;;;1512;17837;;;729;9501;;;325;10832;;
2020-04-23;115;12;83876;84010;9;8;10702;12051;20;276;11772;17429;38;1827;119151;160750;453;2352;148046;190862;616;4451;133495;309360;1078;3370;187327;237290;232;2916;203649;247086;343;17588;842629;2347022;24568;1194;85996;197647;2496;2678;45757;;;3083;98674;;;682;16004;;1121;217;7912;;41;84;7250;8815;14;115;4129;;;5236;57999;;;7;6654;;29;0;1112;;;1016;10141;42095;505;1409;21393;;;1413;19250;;;1043;10544;;;464;11296;;
2020-04-24;116;8;83884;84011;8;6;10708;12084;21;468;12240;17502;40;1653;120804;161267;387;2337;150383;191449;575;4583;138078;310250;1020;2646;189973;237500;216;2114;205763;247486;317;26543;869172;2381361;25799;1030;87026;200262;2531;3735;49492;;;3116;101790;;;751;16755;;1299;161;8073;;;95;7345;;18;155;4284;;;4774;62773;;;13;6667;;;2;1114;;;1037;11178;42313;530;1684;23077;;;1664;20914;;;1089;11633;;;516;11812;;
2020-04-25;117;15;83899;84018;6;10;10718;12121;19;652;12892;17587;41;1773;122577;161348;498;2055;152438;192079;587;5386;143464;;;3021;192994;237828;204;2506;208269;247905;333;21352;890524;2422310;26692;1168;88194;202584;2518;3503;52995;;;3122;104912;;;812;17567;;1299;137;8210;;;63;7408;;15;111;4395;;;5849;68622;;;20;6687;;;3;1117;;;897;12075;42432;511;1429;24506;;;734;21648;;;1239;12872;;;494;12306;;
2020-04-26;118;10;83909;84024;7;10;10728;12155;18;290;13182;17628;47;1537;124114;161348;406;1737;154175;192556;525;4913;148377;;;2357;195351;238159;190;1641;209910;248469;362;48529;939053;2467837;28325;1134;89328;204952;2504;5514;58509;;;2861;107773;;;610;18177;;;235;8445;;;59;7467;;;80;4475;;;5966;74588;;;16;6703;;;4;1121;;;618;12693;42623;517;1990;26496;;;3683;25331;;;970;13842;;;552;12858;;
2020-04-27;119;3;83912;84029;7;10;10738;12198;18;203;13385;17668;54;461;124575;162936;;1018;155193;193243;;4463;152840;;;2324;197675;238011;226;1660;211570;;;26857;965910;2510323;29899;1153;90481;207525;2521;3379;61888;;;2357;110130;;;463;18640;;;130;8575;;;38;7505;;;101;4576;;;6361;80949;;;10;6713;;;1;1122;;;931;13624;42736;507;1396;27892;;;2186;27517;;;835;14677;;;473;13331;;
2020-04-28;120;26;83938;84038;6;14;10752;12257;20;191;13576;17740;54;1195;125770;162936;;1144;156337;193499;;4309;157149;;;1739;199414;238275;221;1525;213095;;;22541;988451;;31153;991;91472;209970;2504;4613;66501;;;2131;112261;;;286;18926;;;123;8698;;;28;7533;;;119;4695;;;6198;87147;;;12;6725;;;2;1124;;;799;14423;42955;502;1543;29435;;;1182;28699;;;852;15529;;;482;13813;;
2020-04-29;121;2;83940;84044;7;9;10761;12306;20;276;13852;17799;54;1065;126835;;;1304;157641;;;3996;161145;;;2091;201505;238499;279;847;213942;;;24132;1012583;;33037;1112;92584;212501;2493;5385;71886;;;2392;114653;;;695;19621;;;153;8851;;;72;7605;;;45;4740;;;6411;93558;;;13;6738;;;2;1126;;;528;14951;43246;491;1897;31332;;;2491;31190;;;1223;16752;;;552;14365;;
2020-04-30;122;4;83944;84054;6;4;10765;12373;21;236;14088;17799;58;1607;128442;;;1478;159119;;;4076;165221;;;2086;203591;238720;266;1241;215183;;;27326;1039909;;35268;1073;93657;215096;2493;6276;78162;;;2936;117589;;;681;20302;;;157;9008;;;62;7667;;;166;4906;;;5841;99399;;;8;6746;;;3;1129;;;690;15641;;491;1718;33050;;;2741;33931;;;1047;17799;;;520;14885;;
2020-05-01;123;12;83956;84063;6;9;10774;12421;22;193;14281;17916;60;1139;129581;;;0;159119;;;6032;171253;;;1872;205463;238833;;1387;216570;;;29917;1069826;;36458;983;94640;217724;2495;7218;85380;;;2615;120204;;;790;21092;;;150;9158;;;43;7710;;;89;4995;;;7099;106498;;;16;6762;;;3;1132;;;528;16169;;471;1993;35043;;;3045;36976;;;1425;19224;;;1138;16023;;
2020-05-02;124;3;83959;84065;6;6;10780;12438;32;263;14544;17968;53;604;130185;;;2584;161703;;;6201;177454;;;1965;207428;239410;;1234;217804;;;33955;1103781;;;1006;95646;220180;2514;6209;91589;;;2188;122392;;;428;21520;;;153;9311;;;49;7759;;;56;5051;;;7933;114431;;;5;6767;;;2;1134;;;932;17101;;467;2293;37336;;;3483;40459;;;1515;20739;;;985;17008;;
2020-05-03;125;2;83961;84067;6;13;10793;12484;37;295;14839;18027;59;794;130979;;;793;162496;;;4806;182260;;;1900;209328;239706;;935;218739;;;29288;1133069;;;802;96448;;;4970;96559;;;1983;124375;;;562;22082;;;96;9407;;;0;7759;;;128;5179;;;9623;124054;;;16;6783;;;2;1136;;;447;17548;;476;2644;39980;;;2075;42534;;;1349;22088;;;1427;18435;;
2020-05-04;126;3;83964;84079;5;8;10801;12535;39;218;15057;18110;54;308;131287;;;679;163175;;;4339;186599;;;1389;210717;239961;;466;219205;;;24972;1158041;;;976;97424;;;4588;101147;;;1670;126045;;;235;22317;;;116;9523;;;50;7809;;;75;5254;;;10633;134687;;;18;6801;;;1;1137;;;657;18205;;499;2553;42533;;;3394;45928;;;1383;23471;;;1228;19663;;
2020-05-05;127;2;83966;84081;6;3;10804;12563;40;174;15231;18197;57;576;131863;;;685;163860;;;3985;190584;;;1221;211938;240136;;1039;220244;;;22593;1180634;;;1223;98647;;;6633;107780;;;1614;127659;;;404;22721;;;147;9670;;;38;7847;;;73;5327;;;10581;145268;;;24;6825;;;0;1137;;;573;18778;;504;3900;46433;;;1444;47372;;;1434;24905;;;980;20643;;
2020-05-06;128;2;83968;84084;4;2;10806;12602;42;123;15354;18297;63;1104;132967;;;1037;164897;;;4406;194990;;;1075;213013;;;880;221124;;;23841;1204475;;;1323;99970;;;6935;114715;;;1832;129491;;;495;23216;;;151;9821;;;56;7903;;;85;5412;;;10102;155370;;;24;6849;;;1;1138;;;632;19410;;525;2958;49391;;;3817;51189;;;1120;26025;;;1373;22016;;
2020-05-07;129;2;83970;84095;6;4;10810;12653;45;109;15463;18390;65;4183;137150;;;1194;166091;;;6211;201201;;;1444;214457;;;921;222045;;;24128;1228603;;;1680;101650;;;10503;125218;;;2253;131744;;;702;23918;;;162;9983;;;50;7953;;;161;5573;;;10559;165929;;;26;6875;;;1;1139;;;788;20198;;475;3561;52952;;;3628;54817;;;1609;27634;;;1032;23048;;
2020-05-08;130;6;83976;84102;6;12;10822;12715;46;84;15547;;71;629;137779;;;1209;167300;;;5514;206715;;;1401;215858;;;1173;223218;;;28369;1256972;;;1485;103135;;;9888;135106;;;1977;133721;;;705;24623;;;100;10083;;;42;7995;;;100;5673;;;11231;177160;;;21;6896;;;2;1141;;;741;20939;;452;3390;56342;;;3709;58526;;;1982;29616;;;1533;24581;;
2020-05-09;131;0;83976;84103;7;18;10840;;41;81;15628;;84;642;138421;;;1251;168551;;;4649;211364;;;1327;217185;;;743;223961;;;26957;1283929;;;1556;104691;;;10222;145328;;;1848;135569;;;642;25265;;;135;10218;;;39;8034;;;65;5738;;;10699;187859;;;18;6914;;;1;1142;;;768;21707;;432;3320;59662;;;3321;61847;;;1906;31522;;;1391;25972;;
2020-05-10;132;15;83991;84106;7;34;10874;;38;119;15747;;;433;138854;;;667;169218;;;3896;215260;;;1083;218268;;;3416;227377;;;25612;1309541;;;1529;106220;;;10611;155939;;;1546;137115;;;656;25921;;;101;10319;;;35;8069;;;142;5880;;;10817;198676;;;15;6929;;;2;1144;;;753;22460;;429;3277;62939;;;3168;65015;;;1938;33460;;;1247;27219;;
2020-05-11;133;19;84010;84106;8;35;10909;;40;51;15798;;;209;139063;;;357;169575;;;3923;219183;;;802;219070;;;393;227770;;;20258;1329799;;;1383;107603;;;6760;162699;;;1542;138657;;;401;26322;;;110;10429;;;30;8099;;;82;5962;;;11012;209688;;;12;6941;;;3;1147;;;876;23336;;383;4213;67152;;;2292;67307;;;1562;35022;;;1647;28866;;
2020-05-12;134;1;84011;84123;8;27;10936;;44;76;15874;;;456;139519;;;933;170508;;;3877;223060;;;744;219814;;;482;228252;;;18117;1347916;;;1683;109286;;;5632;168331;;;1114;139771;;;348;26670;;;84;10513;;;7;8106;;;22;5984;;;11656;221344;;;7;6948;;;0;1147;;;451;23787;;366;3604;70756;;;1515;68822;;;1305;36327;;;1197;30063;;
2020-05-13;135;7;84018;84128;9;26;10962;;44;150;16024;;;708;140227;;;798;171306;;;3403;226463;;;1402;221216;;;439;228691;;;22048;1369964;;;1481;110767;;;9258;177589;;;1704;141475;;;602;27272;;;78;10591;;;29;8135;;;19;6003;;;10899;232243;;;16;6964;;;0;1147;;;884;24671;;352;3525;74281;;;3237;72059;;;1997;38324;;;1658;31721;;
2020-05-14;136;6;84024;84147;8;29;10991;;44;55;16079;;;507;140734;;;933;172239;;;3242;229705;;;888;222104;;;849;229540;;;20782;1390746;;;1958;112725;;;11385;188974;;;1639;143114;;;637;27909;;;76;10667;;;23;8158;;;51;6054;;;10028;242271;;;11;6975;;;0;1147;;;675;25346;;381;3722;78003;;;4247;76306;;;1862;40186;;;2660;34381;;
2020-05-15;137;5;84029;84154;8;27;11018;;45;114;16193;;;622;141356;;;913;173152;;;3446;233151;;;992;223096;;;643;230183;;;27143;1417889;;;1808;114533;;;13944;202918;;;1635;144749;;;673;28582;;;46;10713;;;17;8175;;;91;6145;;;9974;252245;;;14;6989;;;1;1148;;;752;26098;;381;3967;81970;;;4298;80604;;;2409;42595;;;2659;37040;;
2020-05-16;138;9;84038;84159;6;19;11037;;45;44;16237;;;563;141919;;;620;173772;;;3560;236711;;;789;223885;;;515;230698;;;25508;1443397;;;2102;116635;;;15305;218223;;;1708;146457;;;625;29207;;;78;10791;;;22;8197;;;83;6228;;;10598;262843;;;30;7019;;;0;1148;;;793;26891;;385;3970;85940;;;3891;84495;;;2437;45032;;;2502;39542;;
2020-05-17;139;6;84044;84160;6;13;11050;;48;48;16285;;;372;142291;;;583;174355;;;3450;240161;;;875;224760;;;652;231350;;;24487;1467884;;;1757;118392;;;14919;233142;;;1610;148067;;;470;29677;;;67;10858;;;0;8197;;;58;6286;;;9200;272043;;;17;7036;;;1;1149;;;465;27356;;360;4987;90927;;;4046;88541;;;2112;47144;;;1886;41428;;
2020-05-18;140;10;84054;84171;6;15;11065;;47;20;16305;;;120;142411;;;342;174697;;;3534;243695;;;675;225435;;;256;231606;;;18873;1486757;;;1806;120198;;;7938;241080;;;1368;149435;;;466;30143;;;69;10927;;;0;8197;;;61;6347;;;9709;281752;;;9;7045;;;0;1149;;;682;28038;;351;5242;96169;;;3732;92273;;;2075;49219;;;2353;43781;;
2020-05-19;141;9;84063;84177;7;13;11078;;44;60;16365;;;492;142903;;;513;175210;;;2711;246406;;;451;225886;;;431;232037;;;21841;1508598;;;2294;122492;;;13140;254220;;;1158;150593;;;234;30377;;;41;10968;;;52;8249;;;33;6380;;;8926;290678;;;15;7060;;;4;1153;;;305;28343;;322;4970;101139;;;2660;94933;;;2414;51633;;;2278;46059;;
2020-05-20;142;2;84065;84186;6;32;11110;;44;20;16385;;;524;143427;;;797;176007;;;2412;248818;;;813;226699;;;518;232555;;;19970;1528568;;;2111;124603;;;17408;271628;;;1022;151615;;;422;30799;;;76;11044;;;8;8257;;;19;6399;;;9263;299941;;;8;7068;;;0;1153;;;451;28794;;298;5611;106750;;;4550;99483;;;2713;54346;;;3520;49579;;
2020-05-21;143;2;84067;84191;7;12;11122;;43;39;16424;;;418;143845;;;745;176752;;;-525;248293;;;665;227364;;;482;233037;;;23285;1551853;;;2346;126949;;;19951;291579;;;972;152587;;;724;31523;;;73;11117;;;11;8268;;;44;6443;;;8764;308705;;;11;7079;;;0;1153;;;570;29364;;252;5609;112359;;;4537;104020;;;2248;56594;;;4038;53617;;
2020-05-22;144;12;84079;84194;15;20;11142;;42;89;16513;;;318;144163;;;460;177212;;;2615;250908;;;642;228006;;;1787;234824;;;25434;1577287;;;2392;129341;;;18508;310087;;;961;153548;;;649;32172;;;65;11182;;;0;8268;;;50;6493;;;8849;317554;;;2;7081;;;1;1154;;;448;29812;;234;6088;118447;;;4749;108769;;;2973;59567;;;3964;57581;;
2020-05-23;145;2;84081;84198;21;23;11165;;44;23;16536;;;403;144566;;;638;177850;;;3287;254195;;;652;228658;;;466;235290;;;24147;1601434;;;2311;131652;;;20803;330890;;;952;154500;;;637;32809;;;48;11230;;;41;8309;;;44;6537;;;8894;326448;;;14;7095;;;0;1154;;;614;30426;;213;6654;125101;;;2929;111698;;;2960;62527;;;4276;61857;;
2020-05-24;146;3;84084;84209;26;25;11190;;43;14;16550;;;240;144806;;;431;178281;;;2959;257154;;;669;229327;;;482;235772;;;21236;1622670;;;1869;133521;;;16508;347398;;;1186;155686;;;379;33188;;;59;11289;;;0;8309;;;31;6568;;;9434;335882;;;11;7106;;;0;1154;;;642;31068;;214;6767;131868;;;4056;115754;;;3329;65856;;;3536;65393;;
2020-05-25;147;11;84095;84216;32;16;11206;;46;31;16581;;;115;144921;;;289;178570;;;2405;259559;;;531;229858;;;-372;235400;;;20568;1643238;;;2180;135701;;;15813;363211;;;1141;156827;;;271;33459;;;71;11360;;;0;8309;;;11;6579;;;8599;344481;;;3;7109;;;0;1154;;;548;31616;;209;6977;138845;;;4205;119959;;;2764;68620;;;3709;69102;;
2020-05-26;148;7;84102;84228;36;19;11225;;48;42;16623;;;358;145279;;;432;179002;;;1625;261184;;;300;230158;;;859;236259;;;19064;1662302;;;2023;137724;;;11687;374898;;;987;157814;;;384;33843;;;27;11387;;;43;8352;;;20;6599;;;8946;353427;;;9;7118;;;0;1154;;;344;31960;;201;6535;145380;;;4020;123979;;;2485;71105;;;4895;73997;;
2020-05-27;149;1;84103;84288;40;40;11265;;45;28;16651;;;276;145555;;;362;179364;;;4043;265227;;;397;230555;;;510;236769;;;18910;1681212;;;1787;139511;;;16324;391222;;;948;158762;;;597;34440;;;41;11428;;;12;8364;;;29;6628;;;8915;362342;;;15;7133;;;0;1154;;;383;32343;;180;6387;151767;;;5772;129751;;;3455;74560;;;3964;77961;;
2020-05-28;150;3;84106;84335;42;79;11344;;47;0;16651;;;191;145746;;;353;179717;;;2013;267240;;;584;231139;;;1137;237906;;;18721;1699933;;;2080;141591;;;20599;411821;;;1035;159797;;;648;35088;;;52;11480;;;19;8383;;;64;6692;;;8338;370680;;;6;7139;;;0;1154;;;533;32876;;191;6566;158333;;;6154;135905;;;3463;78023;;;4328;82289;;
2020-05-29;151;0;84106;84378;38;58;11402;;48;68;16719;;;3325;149071;;;741;180458;;;1887;269127;;;593;231732;;;658;238564;;;21817;1721750;;;2258;143849;;;26417;438238;;;1182;160979;;;639;35727;;;32;11512;;;18;8401;;;51;6743;;;8371;379051;;;11;7150;;;0;1154;;;373;33249;;202;7466;165799;;;5874;141779;;;3377;81400;;;4654;86943;;
2020-05-30;152;17;84123;84422;34;39;11441;;44;85;16804;;;597;149668;;;738;181196;;;2095;271222;;;516;232248;;;664;239228;;;25337;1747087;;;2819;146668;;;26928;465166;;;1141;162120;;;749;36476;;;81;11593;;;10;8411;;;33;6776;;;8572;387623;;;23;7173;;;0;1154;;;611;33860;;;7964;173763;;;6506;148285;;;3227;84627;;;3695;90638;;
2020-05-31;153;5;84128;84458;35;27;11468;;42;47;16851;;;1828;151496;;;286;181482;;;1604;272826;;;416;232664;;;201;239429;;;23297;1770384;;;2282;148950;;;33274;498440;;;983;163103;;;637;37113;;;40;11633;;;0;8411;;;50;6826;;;8952;396575;;;12;7185;;;0;1154;;;506;34366;;;8380;182143;;;7386;155671;;;2885;87512;;;4220;94858;;
2020-06-01;154;19;84147;84494;33;35;11503;;40;33;16884;;;257;151753;;;333;181815;;;1936;274762;;;355;233019;;;209;239638;;;19807;1790191;;;2516;151466;;;16409;514849;;;839;163942;;;429;37542;;;36;11669;;;0;8411;;;33;6859;;;9268;405843;;;10;7195;;;0;1154;;;518;34884;;;8392;190535;;;8805;164476;;;3152;90664;;;4830;99688;;
2020-06-02;155;7;84154;84524;31;38;11541;;42;46;16930;;;338;152091;;;213;182028;;;1570;276332;;;178;233197;;;294;239932;;;21086;1811277;;;2979;154445;;;11598;526447;;;827;164769;;;272;37814;;;30;11699;;;0;8411;;;26;6885;;;9035;414878;;;9;7204;;;0;1154;;;408;35292;;;8171;198706;;;5563;170039;;;2771;93435;;;5471;105159;;
2020-06-03;156;5;84159;84553;30;49;11590;;;56;16986;;;-766;151325;;;342;182370;;;1653;277985;;;318;233515;;;394;240326;;;20544;1831821;;;3117;157562;;;28936;555383;;;786;165555;;;775;38589;;;35;11734;;;35;8446;;;2;6887;;;8863;423741;;;17;7221;;;0;1154;;;544;35836;;;8909;207615;;;0;170039;;;3891;97326;;;3527;108686;;
2020-06-04;157;1;84160;84572;29;39;11629;;;32;17018;;;352;151677;;;394;182764;;;1871;279856;;;321;233836;;;334;240660;;;19699;1851520;;;3134;160696;;;28633;584016;;;867;166422;;;2214;40803;;;37;11771;;;0;8446;;;24;6911;;;8536;432277;;;8;7229;;;0;1154;;;569;36405;;;9304;216919;;;8875;178914;;;3912;101238;;;4942;113628;;
2020-06-05;158;11;84171;84624;27;39;11668;;;46;17064;;;767;152444;;;507;183271;;;1805;281661;;;177;234013;;;318;240978;;;21140;1872660;;;3574;164270;;;30916;614932;;;988;167410;;;1080;41883;;;40;11811;;;31;8477;;;0;6911;;;8831;441108;;;11;7240;;;0;1154;;;517;36922;;;9851;226770;;;4284;183198;;;4442;105680;;;4664;118292;;
2020-06-06;159;6;84177;84653;;51;11719;;;39;17103;;;611;153055;;;407;183678;;;1650;283311;;;518;234531;;;332;241310;;;25178;1897838;;;2886;167156;;;30830;645762;;;930;168340;;;1056;42939;;;64;11875;;;27;8504;;;30;6941;;;8726;449834;;;11;7251;;;0;1154;;;261;37183;;;9887;236657;;;4202;187400;;;4346;110026;;;4207;122499;;
2020-06-07;160;9;84186;84673;;57;11776;;;38;17141;;;579;153634;;;301;183979;;;1557;284868;;;270;234801;;;240;241550;;;22223;1920061;;;2269;169425;;;27075;672837;;;878;169218;;;948;43887;;;49;11924;;;0;8504;;;23;6964;;;8855;458689;;;4;7255;;;0;1154;;;344;37527;;;9971;246628;;;4358;191758;;;3593;113619;;;5246;127745;;
2020-06-08;161;5;84191;84701;;38;11814;;;33;17174;;;343;153977;;;214;184193;;;1326;286194;;;197;234998;;;167;241717;;;22302;1942363;;;2364;171789;;;18921;691758;;;914;170132;;;843;44730;;;24;11948;;;0;8504;;;17;6981;;;8984;467673;;;5;7260;;;0;1154;;;383;37910;;;9983;256611;;;4757;196515;;;3484;117103;;;6405;134150;;
2020-06-09;162;3;84194;84725;;38;11852;;;36;17210;;;211;154188;;;350;184543;;;1205;287399;;;280;235278;;;249;241966;;;18822;1961185;;;2043;173832;;;15654;707412;;;989;171121;;;403;45133;;;14;11962;;;43;8547;;;20;7001;;;8985;476658;;;5;7265;;;0;1154;;;386;38296;;;9987;266598;;;3181;199696;;;2999;120102;;;4696;138846;;
2020-06-10;163;4;84198;84743;;50;11902;;;41;17251;;;403;154591;;;318;184861;;;1741;289140;;;283;235561;;;314;242280;;;18665;1979850;;;2095;175927;;;32091;739503;;;993;172114;;;791;45924;;;39;12001;;;16;8563;;;24;7025;;;8595;485253;;;2;7267;;;0;1154;;;218;38514;;;9985;276583;;;4040;203736;;;4199;124301;;;3913;142759;;
2020-06-11;164;11;84209;;;45;11947;;;41;17292;;;545;155136;;;555;185416;;;1003;290143;;;202;235763;;;427;242707;;;20614;2000464;;;2011;177938;;;32913;772416;;;922;173036;;;890;46814;;;15;12016;;;13;8576;;;15;7040;;;8404;493657;;;9;7276;;;0;1154;;;451;38965;;;9996;286579;;;5087;208823;;;4883;129184;;;5737;148496;;
2020-06-12;165;7;84216;;;56;12003;;;40;17332;;;425;155561;;;258;185674;;;1266;291409;;;379;236142;;;502;243209;;;22883;2023347;;;2238;180176;;;30412;802828;;;987;174023;;;1474;48288;;;19;12035;;;18;8594;;;24;7064;;;8779;502436;;;9;7285;;;0;1154;;;422;39387;;;10956;297535;;;5965;214788;;;4790;133974;;;5596;154092;;
2020-06-13;166;12;84228;;;48;12051;;;50;17382;;;726;156287;;;348;186022;;;1541;292950;;;163;236305;;;396;243605;;;25639;2048986;;;2369;182545;;;25982;828810;;;1195;175218;;;1396;49684;;;64;12099;;;12;8606;;;9;7073;;;8987;511423;;;5;7290;;;0;1154;;;463;39850;;;11458;308993;;;5961;220749;;;5222;139196;;;6754;160846;;
2020-06-14;167;60;84288;;;33;12084;;;47;17429;;;526;156813;;;247;186269;;;1425;294375;;;346;236651;;;323;243928;;;25540;2074526;;;2410;184955;;;21704;850514;;;1459;176677;;;1247;50931;;;40;12139;;;0;8606;;;14;7087;;;8706;520129;;;12;7302;;;0;1154;;;347;40197;;;11929;320922;;;4383;225132;;;3494;142690;;;6509;167355;;
2020-06-15;168;47;84335;;;37;12121;;;73;17502;;;407;157220;;;192;186461;;;1514;295889;;;338;236989;;;181;244109;;;19543;2094069;;;2472;187427;;;17110;867624;;;1562;178239;;;683;51614;;;54;12193;;;0;8606;;;17;7104;;;8835;528964;;;18;7320;;;0;1154;;;407;40604;;;11502;332424;;;4604;229736;;;4147;146837;;;6938;174293;;
2020-06-16;169;43;84378;;;34;12155;;;85;17587;;;152;157372;;;378;186839;;;968;296857;;;301;237290;;;219;244328;;;19957;2114026;;;2449;189876;;;20647;888271;;;1592;179831;;;769;52383;;;24;12217;;;25;8631;;;4;7108;;;8246;537210;;;15;7335;;;2;1156;;;214;40818;;;10667;343091;;;3256;232992;;;3427;150264;;;5143;179436;;
2020-06-17;170;44;84422;;;43;12198;;;41;17628;;;344;157716;;;345;187184;;;1279;298136;;;210;237500;;;355;244683;;;23705;2137731;;;2563;192439;;;34918;923189;;;1467;181298;;;940;53323;;;33;12250;;;0;8631;;;4;7112;;;8248;545458;;;12;7347;;;0;1156;;;151;40969;;;10974;354065;;;4164;237156;;;4599;154863;;;5013;184449;;
2020-06-18;171;36;84458;;;59;12257;;;40;17668;;;458;158174;;;580;187764;;;1115;299251;;;328;237828;;;585;245268;;;25559;2163290;;;2612;195051;;;32188;955377;;;1429;182727;;;1239;54562;;;44;12294;;;29;8660;;;5;7117;;;7843;553301;;;23;7370;;;1;1157;;;247;41216;;;12881;366946;;;3752;240908;;;4930;159793;;;36179;220628;;
2020-06-19;172;36;84494;;;49;12306;;;72;17740;;;467;158641;;;770;188534;;;1218;300469;;;331;238159;;;307;245575;;;27762;2191052;;;2596;197647;;;22765;978142;;;1304;184031;;;1481;56043;;;50;12344;;;32;8692;;;0;7117;;;7790;561091;;;21;7391;;;0;1157;;;257;41473;;;13586;380532;;;3480;244388;;;5662;165455;;;4475;225103;;
2020-06-20;173;30;84524;;;67;12373;;;59;17799;;;811;159452;;;601;189135;;;1346;301815;;;-148;238011;;;363;245938;;;29909;2220961;;;2615;200262;;;54771;1032913;;;1214;185245;;;0;56043;;;47;12391;;;0;8692;;;16;7133;;;7972;569063;;;18;7409;;;2;1159;;;142;41615;;;14516;395048;;;3537;247925;;;5030;170485;;;6290;231393;;
2020-06-21;174;29;84553;;;48;12421;;;0;17799;;;641;160093;;;687;189822;;;1295;303110;;;264;238275;;;334;246272;;;34158;2255119;;;2322;202584;;;34666;1067579;;;1248;186493;;;0;56043;;;0;12391;;;16;8708;;;9;7142;;;7889;576952;;;27;7436;;;2;1161;;;218;41833;;;15413;410461;;;3413;251338;;;4717;175202;;;5355;236748;;
2020-06-22;175;19;84572;;;17;12438;;;117;17916;;;284;160377;;;537;190359;;;1221;304331;;;224;238499;;;232;246504;;;25793;2280912;;;2368;204952;;;17459;1085038;;;1192;187685;;;0;56043;;;0;12391;;;0;8708;;;1;7143;;;7728;584680;;;25;7461;;;2;1163;;;262;42095;;;14821;425282;;;3598;254936;;;5343;180545;;;5607;242355;;
2020-06-23;176;52;84624;;;46;12484;;;52;17968;;;373;160750;;;503;190862;;;958;305289;;;221;238720;;;248;246752;;;31390;2312302;;;2573;207525;;;21432;1106470;;;1212;188897;;;2889;58932;;;136;12527;;;37;8745;;;1;7144;;;7600;592280;;;13;7474;;;2;1165;;;218;42313;;;14933;440215;;;0;254936;;;4577;185122;;;4608;246963;;
2020-06-24;177;29;84653;;;51;12535;;;59;18027;;;517;161267;;;587;191449;;;921;306210;;;113;238833;;;334;247086;;;34720;2347022;;;2445;209970;;;39436;1145906;;;1268;190165;;;1905;60837;;;34;12561;;;6;8751;;;11;7155;;;7425;599705;;;18;7492;;;1;1166;;;119;42432;;;15968;456183;;;5874;260810;;;6288;191410;;;3804;250767;;
2020-06-25;178;20;84673;;;28;12563;;;83;18110;;;81;161348;;;630;192079;;;652;306862;;;577;239410;;;400;247486;;;34339;2381361;;;2531;212501;;;42725;1188631;;;1492;191657;;;1487;62324;;;54;12615;;;26;8777;;;12;7167;;;7176;606881;;;29;7521;;;3;1169;;;191;42623;;;16922;473105;;;3879;264689;;;5437;196847;;;3649;254416;;
2020-06-26;179;28;84701;;;39;12602;;;87;18197;;;0;161348;;;477;192556;;;1118;307980;;;296;239706;;;419;247905;;;40949;2422310;;;2595;215096;;;39483;1228114;;;1458;193115;;;1566;63890;;;21;12636;;;16;8793;;;5;7172;;;7113;613994;;;37;7558;;;1;1170;;;113;42736;;;17296;490401;;;3913;268602;;;6104;202951;;;4648;259064;;
2020-06-27;180;24;84725;;;51;12653;;;100;18297;;;1588;162936;;;687;193243;;;1380;309360;;;255;239961;;;564;248469;;;45527;2467837;;;2628;217724;;;46860;1274974;;;1396;194511;;;1247;65137;;;39;12675;;;22;8815;;;19;7191;;;6800;620794;;;37;7595;;;2;1172;;;219;42955;;;18552;508953;;;3762;272364;;;5441;208392;;;4296;263360;;
2020-06-28;181;18;84743;;;62;12715;;;93;18390;;;0;162936;;;256;193499;;;890;310250;;;175;240136;;;;248469;;;42486;2510323;;;2456;220180;;;38693;1313667;;;1372;195883;;;0;65137;;;0;12675;;;0;8815;;;0;7191;;;6852;627646;;;46;7641;;;4;1176;;;291;43246;;;19906;528859;;;3625;275989;;;4410;212802;;;4406;267766;;